date,open,high,low,close,volume
2022-07-01,131.685816,132.489071,131.197909,132.000000,43938962
2022-07-04,131.189442,131.359010,131.121029,131.290544,62628336
2022-07-05,131.735246,131.854540,131.279029,131.398018,74716054
2022-07-06,132.230235,133.356933,131.251446,132.377057,70275140
2022-07-07,129.975243,131.395773,128.208287,129.624989,42220670
2022-07-08,132.495788,133.374527,131.306670,132.183336,75491238
2022-07-11,129.753429,131.278575,128.523923,130.046293,117672557
2022-07-12,132.966085,133.225756,132.512696,132.771987,84503878
2022-07-13,133.750411,134.542817,132.777511,133.568840,44120522
2022-07-14,134.077262,135.522703,133.194635,134.636395,81355060
2022-07-15,137.134633,138.107239,136.508524,137.479556,58313434
2022-07-18,139.249710,139.272717,138.958155,138.981117,64946646
2022-07-19,137.608724,138.984729,136.430156,137.804484,43851007
2022-07-20,137.480514,138.026741,136.330955,136.874776,63386779
2022-07-21,136.746706,137.875693,135.292817,136.419100,52980058
2022-07-22,135.657708,137.007183,134.332947,135.682183,44829701
2022-07-25,133.231629,134.916787,131.589481,133.274115,69727698
2022-07-26,131.995122,133.510225,131.024528,132.535656,69352731
2022-07-27,131.849138,132.771176,130.986964,131.908613,80041071
2022-07-28,135.152072,135.452954,134.869970,135.170812,76595149
2022-07-29,135.265816,136.275705,134.429078,135.437903,59613395
2022-08-01,133.928555,136.190984,132.910907,135.163949,65731343
2022-08-02,137.093024,138.127691,135.508941,136.539430,92093849
2022-08-03,134.727814,135.560040,134.401567,135.232571,63609609
2022-08-04,135.517262,135.700508,135.363302,135.546515,72557526
2022-08-05,138.706825,139.168182,138.533442,138.994439,93035884
2022-08-08,139.352304,140.381119,137.959175,138.985281,66282990
2022-08-09,136.769544,137.403203,135.921477,136.554138,62905762
2022-08-10,137.048038,137.281561,136.754600,136.988021,71039059
2022-08-11,136.708684,137.379779,135.873419,136.543703,87251169
2022-08-12,134.448889,135.226741,134.074706,134.851437,82573575
2022-08-15,136.174201,137.095070,135.173108,136.093431,73771943
2022-08-16,140.481342,141.408125,139.474269,140.400518,73684305
2022-08-17,142.352550,143.555877,140.995203,142.197216,59381777
2022-08-18,143.946651,144.136470,143.651693,143.841373,100368099
2022-08-19,140.887772,141.847716,140.217304,141.175877,63812426
2022-08-22,139.871538,140.765172,139.220060,140.112572,126923900
2022-08-23,141.676767,142.661374,140.530697,141.514174,74869268
2022-08-24,139.456775,140.102104,138.644522,139.289074,80177895
2022-08-25,141.070704,142.649862,139.137594,140.712744,72032327
2022-08-26,142.129589,143.668445,141.223891,142.758738,75028198
2022-08-29,143.673235,144.413008,142.649726,143.388031,77293317
2022-08-30,145.363891,145.782279,145.130033,145.548124,44434562
2022-08-31,147.415627,148.511148,146.445628,147.540328,65271940
2022-09-01,148.767483,148.790124,148.053795,148.076331,77731184
2022-09-02,148.016676,148.927183,146.679119,147.586983,47624167
2022-09-05,149.825454,150.393341,149.074113,149.641302,78408402
2022-09-06,149.786920,150.021006,149.304378,149.538076,41011217
2022-09-07,150.028590,151.124824,148.374949,149.467080,49264555
2022-09-08,149.697919,150.592676,148.889124,149.783419,57171572
2022-09-09,151.897046,153.317940,150.720373,152.139390,80459165
2022-09-12,154.930158,155.950950,153.815508,154.835677,61895786
2022-09-13,151.772897,153.584997,150.468393,152.276167,61876855
2022-09-14,152.887130,153.507152,151.894000,152.512503,40758262
2022-09-15,153.521805,155.636955,151.532184,153.645728,49040000
2022-09-16,153.226616,154.174157,152.340837,153.288023,60833140
2022-09-19,153.326806,155.135416,151.986008,153.790562,43978406
2022-09-20,151.223400,152.829657,149.997548,151.600746,81848427
2022-09-21,153.238286,154.666274,151.663313,153.089918,72929810
2022-09-22,154.643514,155.459946,153.235355,154.048647,78268897
2022-09-23,155.207566,156.769424,154.390530,155.948488,77810031
2022-09-26,154.656087,155.303057,154.284409,154.930718,50740711
2022-09-27,154.985137,155.990520,154.464412,155.468172,80900983
2022-09-28,154.667295,155.455063,153.478663,154.264379,64069940
2022-09-29,150.965343,151.425494,149.822326,150.280389,52690234
2022-09-30,144.940661,145.392945,143.987035,144.437750,48243421
2022-10-03,143.527661,144.862753,141.996860,143.330114,46729781
2022-10-04,144.464968,144.867415,144.070095,144.472521,53694672
2022-10-05,146.205671,147.500318,145.370662,146.662699,57149413
2022-10-06,148.825961,149.129066,148.576495,148.879510,66612170
2022-10-07,151.227189,152.578417,149.774408,151.124721,80807265
2022-10-10,149.540026,150.764530,148.502074,149.725292,40681405
2022-10-11,149.384859,150.251129,148.078261,148.941964,54268733
2022-10-12,148.351608,149.233593,147.443630,148.325460,82455097
2022-10-13,147.649769,149.728695,145.623519,147.701732,64326036
2022-10-14,146.328997,147.832709,144.428081,145.927670,68075187
2022-10-17,145.232271,146.361998,144.494700,145.622445,96581356
2022-10-18,142.251034,142.666802,141.894163,142.309783,91459026
2022-10-19,143.110298,144.336248,141.798919,143.024130,44343994
2022-10-20,142.020466,143.985280,140.591848,142.551321,51030934
2022-10-21,140.063215,140.667754,139.394730,139.998992,39389256
2022-10-24,136.771006,137.570103,135.324499,136.119791,63532987
2022-10-25,137.656031,138.419404,136.596091,137.357810,73879984
2022-10-26,140.465217,141.760162,139.339931,140.633528,62866302
2022-10-27,142.803472,143.841658,141.937677,142.974824,98193135
2022-10-28,141.725595,142.318015,140.919619,141.511142,80644672
2022-10-31,140.210467,141.325087,139.756111,140.868598,75476736
2022-11-01,140.133704,141.050317,139.540233,140.455483,66439743
2022-11-02,139.919056,141.527592,137.927276,139.531355,64443186
2022-11-03,140.085552,141.039720,139.136025,140.090161,67196982
2022-11-04,139.974652,141.597199,138.671782,140.291381,74379255
2022-11-07,140.881329,142.045653,139.162868,140.322575,40551991
2022-11-08,138.041059,139.213756,137.157858,138.328714,55280214
2022-11-09,140.545209,141.440722,139.768852,140.663710,93839078
2022-11-10,140.205858,140.671739,139.801528,140.267232,65279387
2022-11-11,138.567365,139.885443,137.305053,138.622627,58802753
2022-11-14,138.626287,139.922391,136.800116,138.091218,115567933
2022-11-15,141.456853,142.310967,140.168339,141.019814,63998656
2022-11-16,140.199141,140.780466,139.596366,140.177601,53026928
2022-11-17,140.662944,141.770082,140.187040,141.292050,52425432
2022-11-18,142.752905,143.586340,141.726072,142.558371,64943457
2022-11-21,141.166332,141.876363,140.234036,140.942943,70964147
2022-11-22,140.369410,141.130336,139.476160,140.236365,79085861
2022-11-23,140.340780,141.589834,139.051677,140.300372,93798269
2022-11-24,143.801806,144.848532,142.883781,143.929690,69368622
2022-11-25,145.536171,146.723615,144.146353,145.332132,89558779
2022-11-28,145.523130,146.836113,144.310147,145.622303,73798699
2022-11-29,145.972979,146.638671,145.237333,145.902704,67605715
2022-11-30,143.289822,143.886348,142.057198,142.651064,54242245
2022-12-01,145.632772,145.894231,145.230947,145.492155,95896762
2022-12-02,145.837782,146.392630,145.130055,145.684319,78500139
2022-12-05,144.560942,145.494559,143.942084,144.874359,66258657
2022-12-06,144.412244,144.817480,144.094399,144.499442,104353191
2022-12-07,145.740227,146.741202,144.720811,145.721658,73117012
2022-12-08,146.534340,147.847761,145.572340,146.883469,113400828
2022-12-09,142.352951,142.662205,142.172862,142.481952,63096440
2022-12-12,143.760488,144.576162,142.826555,143.641555,36039144
2022-12-13,145.885635,146.705863,144.991357,145.811166,50337643
2022-12-14,142.303517,143.237782,141.580656,142.513852,91880589
2022-12-15,141.672621,142.860243,141.112598,142.297749,84969372
2022-12-16,138.876147,140.031976,138.094735,139.248469,52188241
2022-12-19,139.571537,140.797472,138.608509,139.832642,49360438
2022-12-20,139.405780,140.883705,138.517447,139.991638,58119505
2022-12-21,139.857390,140.404383,139.051091,139.597066,63395639
2022-12-22,141.909231,142.633344,141.420566,142.143870,65976464
2022-12-23,141.838582,142.641201,141.234927,142.036703,71199851
2022-12-26,141.168762,141.829574,140.252698,140.912310,61317936
2022-12-27,141.865971,143.718709,139.842312,141.692788,64661552
2022-12-28,144.602151,145.896789,143.499772,144.792956,90719665
2022-12-29,145.102657,146.553329,143.535049,144.984541,41468487
2022-12-30,142.265367,142.369707,141.972258,142.076460,97556474
2023-01-02,143.294976,144.298738,142.535696,143.538169,40865901
2023-01-03,143.986005,145.059142,143.233814,144.305284,88467868
2023-01-04,143.325308,144.571350,142.326827,143.571156,84883797
2023-01-05,143.625624,144.484942,142.838013,143.696941,60030887
2023-01-06,145.296565,146.453841,144.042564,145.199064,65541945
2023-01-09,147.205404,149.556862,145.550411,147.894127,55967890
2023-01-10,147.561362,147.574977,147.272572,147.286162,103733680
2023-01-11,143.487298,144.044707,143.134109,143.691017,58121186
2023-01-12,142.653635,143.772581,141.688911,142.806820,56931932
2023-01-13,143.622332,143.956368,142.813392,143.146321,92002065
2023-01-16,142.051185,142.963751,140.481851,141.390170,85802099
2023-01-17,138.791667,139.762012,138.428684,139.397445,64932564
2023-01-18,141.231295,142.895326,140.330849,141.990043,47378441
2023-01-19,141.768673,142.701463,140.387983,141.317807,57142238
2023-01-20,139.701873,140.538232,138.505188,139.339378,111578497
2023-01-23,141.316668,141.666467,141.134638,141.484221,52614773
2023-01-24,143.827885,144.955554,141.998396,143.120519,70647058
2023-01-25,146.649792,147.773123,145.526918,146.650246,69614337
2023-01-26,147.167433,148.857141,146.175243,147.860281,74910967
2023-01-27,147.424877,148.587393,146.323343,147.485407,79763588
2023-01-30,144.482456,144.824719,143.794319,144.135760,28801280
2023-01-31,145.830772,146.388350,144.633526,145.188648,107451016
2023-02-01,140.114975,141.049629,139.487185,140.420471,55444448
2023-02-02,140.041328,140.755384,139.345309,140.059276,74209272
2023-02-03,139.083189,139.808248,138.386475,139.111392,83974489
2023-02-06,143.208337,144.986949,142.083601,143.857117,75725368
2023-02-07,146.947167,147.081315,145.908710,146.042031,58851043
2023-02-08,144.363205,146.047013,142.706071,144.389577,67743313
2023-02-09,145.267008,146.477049,144.273418,145.481989,87426254
2023-02-10,146.242884,147.152907,144.808305,145.715044,59659111
2023-02-13,146.571325,147.359457,146.240871,147.027973,57062434
2023-02-14,146.910807,148.073051,146.010971,147.171618,63111366
2023-02-15,148.940746,149.403292,148.212773,148.674492,57135296
2023-02-16,147.960680,148.321564,147.147059,147.506836,83896279
2023-02-17,147.709954,149.228628,146.829400,148.344293,43157221
2023-02-20,150.793199,152.155450,149.590902,150.951888,88583581
2023-02-21,150.074254,150.925480,148.903103,149.752504,75274704
2023-02-22,154.346288,155.489063,153.525925,154.666996,46422404
2023-02-23,159.084856,160.117010,157.416611,158.444611,52754198
2023-02-24,159.461171,160.441669,158.220141,159.199027,65230618
2023-02-27,159.877295,160.999817,158.288590,159.407816,109555434
2023-02-28,156.701498,158.241243,155.867891,157.403900,55674311
2023-03-01,154.641935,155.858418,153.271254,154.486514,50950875
2023-03-02,156.178178,157.664980,154.486437,155.971270,70270524
2023-03-03,154.615173,155.520814,154.044298,154.948707,61576830
2023-03-06,154.494769,155.687350,153.663638,154.854284,69548426
2023-03-07,156.533864,157.981373,155.336307,156.781919,68966404
2023-03-08,159.722200,160.069549,159.282303,159.629450,45865653
2023-03-09,158.739612,160.628371,157.580844,159.464313,48679974
2023-03-10,159.055190,160.479426,157.517206,158.940414,99349000
2023-03-13,158.234823,159.427943,157.195595,158.387711,70945389
2023-03-14,155.752807,157.052719,154.889944,156.187448,76587203
2023-03-15,156.837037,157.863823,155.482900,156.507528,99385270
2023-03-16,156.601569,157.132303,156.070520,156.601253,49811993
2023-03-17,156.569448,158.314620,155.308802,157.050104,46291912
2023-03-20,157.192715,158.546929,156.193981,157.545951,75499495
2023-03-21,157.152651,157.247060,156.697252,156.791444,45292475
2023-03-22,158.124932,160.107586,156.909527,158.886329,77348398
2023-03-23,157.826753,159.646273,156.534731,158.349968,40119320
2023-03-24,160.604327,162.461691,158.939309,160.794700,52036932
2023-03-27,158.339406,158.873026,157.673537,158.206709,53730002
2023-03-28,155.666726,156.375645,154.852150,155.560587,94964013
2023-03-29,152.317137,153.745567,150.616698,152.042553,126370703
2023-03-30,154.570050,155.104977,153.234154,153.766300,49771459
2023-03-31,156.986479,157.552621,156.011560,156.576223,55360190
2023-04-03,156.336372,157.218784,155.315982,156.197611,56074145
2023-04-04,153.074712,154.646362,151.772511,153.341889,66665494
2023-04-05,153.627656,155.335095,151.877650,153.584611,77412730
2023-04-06,152.747470,153.808689,151.674702,152.735841,58183755
2023-04-07,155.746102,156.059431,154.954219,155.266583,52525440
2023-04-10,155.983293,157.287328,155.182924,156.484389,75670635
2023-04-11,157.107864,157.621481,156.487643,157.000911,68490701
2023-04-12,156.280663,156.628700,155.942479,156.290496,67421981
2023-04-13,158.630578,159.880961,157.011045,158.258495,63968927
2023-04-14,156.461245,156.660825,156.201102,156.400605,98232153
2023-04-17,154.417814,154.786496,154.038837,154.407494,90242592
2023-04-18,151.701942,152.785242,150.791473,151.873742,65413405
2023-04-19,153.410650,154.165811,152.216104,152.969091,51603471
2023-04-20,154.556091,155.509973,153.823965,154.776801,68677650
2023-04-21,152.079250,153.942548,150.825942,152.684254,59287619
2023-04-24,148.814058,150.408305,147.458786,149.050875,77378966
2023-04-25,151.588711,152.283226,150.510893,151.203644,75734795
2023-04-26,151.813269,152.933816,150.250620,151.367880,40861767
2023-04-27,152.763307,153.287440,152.264288,152.788339,76475574
2023-04-28,150.510643,151.542195,149.338309,150.368888,71722691
2023-05-01,149.014481,150.098937,147.734188,148.817208,104049890
2023-05-02,149.868904,150.999581,149.167317,150.295994,53124696
2023-05-03,147.767992,149.132162,146.998001,148.359092,56854674
2023-05-04,149.786021,150.837188,148.792967,149.843751,59914645
2023-05-05,153.265583,154.273353,151.429460,152.431748,52708766
2023-05-08,153.954206,155.660624,152.000624,153.704272,56158999
2023-05-09,153.281727,155.304776,151.475947,153.496466,49168521
2023-05-10,152.794362,153.723383,151.563791,152.490967,48924902
2023-05-11,152.853004,154.075191,151.538954,152.760401,53677663
2023-05-12,153.514153,154.784505,151.787846,153.054393,57950272
2023-05-15,154.404345,155.664804,153.295109,154.554489,43123689
2023-05-16,156.080710,157.413777,154.592784,155.924518,36912102
2023-05-17,155.187509,155.302433,154.724181,154.838846,40528225
2023-05-18,150.122036,151.738035,149.272648,150.884333,77845270
2023-05-19,148.807376,150.006592,147.749306,148.947526,64765886
2023-05-22,149.027226,150.823238,146.769465,148.559845,64195064
2023-05-23,152.026517,152.688975,151.432203,152.094396,78597946
2023-05-24,151.313427,152.699320,148.773877,150.149106,46097213
2023-05-25,150.929313,152.767168,150.006318,151.838612,47716419
2023-05-26,154.391269,155.359613,153.273521,154.240922,65064229
2023-05-29,152.983339,154.109369,151.996978,153.122113,150225205
2023-05-30,153.256924,154.262973,152.060521,153.065312,83903004
2023-05-31,152.707947,155.068987,150.168507,152.526746,37313680
2023-06-01,151.629802,153.529121,150.329477,152.223703,55017154
2023-06-02,152.675748,153.837236,151.204683,152.363797,114349874
2023-06-05,150.898628,152.569820,149.328953,150.999100,61571000
2023-06-06,152.353528,153.070530,151.724368,152.441009,107892392
2023-06-07,153.375633,154.230172,152.130982,152.983335,44794305
2023-06-08,153.802314,155.049688,152.708760,153.955048,69998887
2023-06-09,152.673865,153.411082,151.589532,152.325064,62231933
2023-06-12,150.642680,152.237529,149.149893,150.743741,65841875
2023-06-13,145.727932,145.905701,145.620021,145.797738,53369702
2023-06-14,147.841685,148.194085,147.065435,147.416822,41701233
2023-06-15,145.344216,146.754426,143.854586,145.264017,60139821
2023-06-16,146.563138,147.719136,145.708943,146.863191,54066292
2023-06-19,144.512248,146.257685,143.110666,144.852799,50071579
2023-06-20,144.523895,145.356512,143.464964,144.296269,75890267
2023-06-21,144.600821,145.922854,143.637901,144.957559,57784885
2023-06-22,145.629705,147.501748,143.971124,145.840764,46414142
2023-06-23,145.460709,145.812980,145.195603,145.547715,78552980
2023-06-26,145.018939,145.774308,144.260446,145.015799,81345241
2023-06-27,146.006228,146.788820,145.448870,146.230605,77907385
2023-06-28,142.891012,144.084172,142.274349,143.465032,48559604
2023-06-29,142.219570,143.474800,140.916222,142.171024,78246056
2023-06-30,147.035991,147.897069,146.110504,146.971201,67631988
2023-07-03,148.998581,150.007453,148.182031,149.189855,75325738
2023-07-04,149.178764,149.333077,148.600672,148.754546,58108691
2023-07-05,149.531204,151.215645,148.270975,149.951872,100112222
2023-07-06,148.525350,149.751623,146.883198,148.106009,42698641
2023-07-07,149.240453,150.031010,148.064317,148.852821,55886840
2023-07-10,149.257113,149.559319,148.966204,149.268388,71192949
2023-07-11,152.083933,152.572814,150.985485,151.472400,66713698
2023-07-12,154.362800,154.679494,154.228823,154.545358,54333350
2023-07-13,155.254178,155.835859,154.610762,155.192210,66449045
2023-07-14,156.063053,156.470793,155.476310,155.883581,84951796
2023-07-17,158.175312,159.486285,156.662837,157.972126,37914223
2023-07-18,157.858111,158.773082,156.329998,157.241395,50048782
2023-07-19,156.893036,157.495487,156.304205,156.906605,86107889
2023-07-20,156.252366,158.636552,154.145773,156.526267,60149203
2023-07-21,155.927442,158.037225,154.327627,156.432231,56736532
2023-07-24,159.286699,160.538195,157.722407,158.971426,57687962
2023-07-25,160.691271,161.789271,159.826594,160.923345,104185940
2023-07-26,156.902462,158.829628,155.232209,157.156669,79079401
2023-07-27,159.442705,160.282588,158.365601,159.204228,45697122
2023-07-28,159.444992,160.895210,158.074080,159.523622,73452138
2023-07-31,159.631030,160.139935,159.300122,159.808659,103818898
2023-08-01,161.068789,161.610658,160.315988,160.857146,55512331
2023-08-02,160.764325,160.843429,160.164344,160.243192,129049466
2023-08-03,157.511753,158.765939,156.560121,157.812490,45710960
2023-08-04,159.371245,159.761918,158.685560,159.075508,30087704
2023-08-07,162.308223,163.667383,160.794584,162.152439,72656752
2023-08-08,162.966897,164.261465,162.220749,163.512817,85461194
2023-08-09,162.248793,163.485653,161.358862,162.593829,44933758
2023-08-10,158.791977,159.430233,158.128574,158.766728,59099649
2023-08-11,155.303850,155.753800,154.786646,155.236401,108381310
2023-08-14,151.613451,152.957231,150.070022,151.412017,61161627
2023-08-15,151.969911,152.384893,151.408781,151.823363,71110788
2023-08-16,151.095003,152.108793,149.958107,150.971067,60824707
2023-08-17,150.152547,151.480735,149.346004,150.671405,132666406
2023-08-18,151.661534,153.193587,150.639385,152.168024,57445716
2023-08-21,152.698990,153.067909,151.364969,151.731551,62307221
2023-08-22,151.163739,152.928322,149.011250,150.771251,41242288
2023-08-23,150.950618,152.165330,149.531189,150.744241,51579449
2023-08-24,150.494650,150.825594,149.992939,150.323507,68559671
2023-08-25,150.199290,151.517536,148.980824,150.298267,43205036
2023-08-28,149.034182,150.361872,147.199601,148.522735,60268281
2023-08-29,149.270478,149.709240,148.824977,149.263719,53813522
2023-08-30,149.555515,150.718731,148.324624,149.487310,79753200
2023-08-31,149.127949,149.751914,148.211364,148.834099,52751369
2023-09-01,152.418110,153.903199,150.511683,151.992626,85571175
2023-09-04,152.702655,153.935229,151.488559,152.720986,59592331
2023-09-05,152.869683,153.822976,151.217545,152.166452,96979665
2023-09-06,155.082445,156.276097,154.621633,155.813114,67467087
2023-09-07,156.810099,157.902889,156.088322,157.179412,89216677
2023-09-08,159.286083,161.136857,156.907613,158.752184,40573099
2023-09-11,158.130627,158.475726,157.899958,158.244891,80348219
2023-09-12,158.605768,160.218654,157.354101,158.964158,120269116
2023-09-13,160.014548,160.770425,159.297607,160.053310,66969940
2023-09-14,155.475564,156.957009,154.116915,155.597297,64620840
2023-09-15,152.869122,155.249880,151.369206,153.741406,46745137
2023-09-18,155.190232,156.929030,153.153931,154.889358,66774686
2023-09-19,155.059600,155.978746,154.574788,155.492580,78078362
2023-09-20,155.054575,155.817315,154.442264,155.204413,59319259
2023-09-21,155.213215,156.270601,153.660244,154.714231,92336891
2023-09-22,156.960233,157.719036,156.733210,157.491245,46788704
2023-09-25,155.988666,156.292008,155.249561,155.552054,59901406
2023-09-26,156.227187,157.601912,154.432893,155.803893,53990270
2023-09-27,153.949809,154.797350,153.310432,154.157112,56571405
2023-09-28,155.755816,156.176046,155.458180,155.878176,50304738
2023-09-29,156.730579,157.917564,155.984092,157.168989,65259616
2023-10-02,157.243808,158.620757,155.904661,157.281291,83119045
2023-10-03,157.122367,159.069242,155.620374,157.563036,68392469
2023-10-04,159.321180,160.778838,158.034521,159.490809,65672828
2023-10-05,159.791756,160.838648,158.627310,159.673427,84910817
2023-10-06,154.932744,155.063460,154.896938,155.027633,91945952
2023-10-09,155.144130,156.281310,153.826627,154.962475,48924911
2023-10-10,151.540529,152.748747,149.598664,150.800986,52283989
2023-10-11,150.195365,150.991653,149.410553,150.206780,110456520
2023-10-12,150.938028,152.337464,149.354394,150.752106,48252140
2023-10-13,152.544190,154.541386,149.977271,151.966909,50565049
2023-10-16,153.339164,153.999795,152.204999,152.863581,54878257
2023-10-17,154.109810,155.932714,152.698293,154.517463,51451232
2023-10-18,152.204720,153.371901,151.882406,153.047802,86007118
2023-10-19,150.803026,151.892518,150.067749,151.155523,56707946
2023-10-20,152.178608,152.847229,150.835285,151.500929,89673539
2023-10-23,153.495632,154.615209,152.454611,153.573658,47726339
2023-10-24,150.280362,151.389767,148.745326,149.851566,97242862
2023-10-25,153.363945,155.279255,151.850385,153.761769,34811609
2023-10-26,150.763931,152.677471,149.546216,151.454181,67475869
2023-10-27,150.229044,152.449207,148.845052,151.057582,46919070
2023-10-30,153.735305,154.818628,152.965940,154.047700,21216773
2023-10-31,154.922853,156.388437,153.655458,155.119434,85129716
2023-11-01,154.818669,156.168557,153.580846,154.929844,80330392
2023-11-02,155.365364,155.577971,154.869777,155.081997,41338205
2023-11-03,155.892209,157.371466,154.547513,156.025619,50514353
2023-11-06,155.096086,156.233444,154.255017,155.390776,88073721
2023-11-07,154.776293,155.495952,153.999797,154.719190,77326550
2023-11-08,156.668980,157.236115,156.175397,156.742302,69106390
2023-11-09,154.771107,155.514938,153.783273,154.525925,55200618
2023-11-10,155.273070,156.439200,154.840538,156.004630,86723777
2023-11-13,154.444459,156.205722,153.122994,154.880526,81022654
2023-11-14,156.255533,157.595731,155.028831,156.368145,68879722
2023-11-15,153.973712,155.787626,153.095816,154.904424,137890962
2023-11-16,156.001649,156.426617,155.563262,155.988193,60705062
2023-11-17,155.092690,155.755905,154.446966,155.110109,72355732
2023-11-20,158.159127,159.233615,157.260634,158.334129,65705761
2023-11-21,157.465106,158.377896,156.723495,157.635483,124162001
2023-11-22,157.516449,157.988701,156.995044,157.467149,56065696
2023-11-23,157.433147,159.170706,155.586270,157.322608,69801213
2023-11-24,159.222504,159.644219,158.513457,158.934409,43302562
2023-11-27,159.003949,160.527895,157.886317,159.407426,55902812
2023-11-28,158.588198,159.280380,157.013346,157.701658,61867206
2023-11-29,157.011332,157.684071,156.555032,157.227144,77259310
2023-11-30,154.122468,155.041338,153.292463,154.210858,124941478
2023-12-01,152.551540,152.642036,152.184569,152.274901,87280149
2023-12-04,154.747409,155.385007,153.362069,153.996573,64901081
2023-12-05,156.283417,156.713026,156.078972,156.508287,55168766
2023-12-06,159.474236,160.482967,158.091932,159.098285,77025676
2023-12-07,160.198762,160.659466,160.025595,160.485989,45786615
2023-12-08,165.789246,166.299422,164.676715,165.185032,66378318
2023-12-11,165.584890,166.372715,165.266754,166.053678,93005459
2023-12-12,167.471243,168.960248,166.279892,167.766795,60235356
2023-12-13,169.485504,171.886819,167.190479,169.590374,52099867
2023-12-14,171.069319,172.570669,169.992897,171.491589,95263521
2023-12-15,171.689444,173.708286,170.195450,172.209764,94453481
2023-12-18,173.574622,175.363049,171.750409,173.538463,69598623
2023-12-19,173.907783,175.081454,172.576583,173.749184,40066133
2023-12-20,175.257409,176.815433,174.029981,175.585706,72010065
2023-12-21,176.364963,178.604396,174.207610,176.446052,57634373
2023-12-22,176.946540,178.470954,175.165698,176.687885,57764454
2023-12-25,175.110464,175.849452,174.477487,175.216093,98710168
2023-12-26,177.384572,177.620060,177.061341,177.296713,83281886
2023-12-27,178.579629,180.864469,177.082187,179.360478,53450941
2023-12-28,179.851220,180.293505,179.258311,179.700225,56506018
2023-12-29,179.994037,182.617664,177.935523,180.552759,55921553
2024-01-01,178.795141,180.349370,177.460464,179.013067,85538024
2024-01-02,180.735485,181.836677,180.005977,181.105675,71635002
2024-01-03,179.249486,179.837575,179.022901,179.610534,57867478
2024-01-04,181.248187,183.322665,179.695980,181.766023,76920050
2024-01-05,181.942416,183.609958,179.911429,181.575609,52845211
2024-01-08,178.819720,180.482781,177.948073,179.607294,56579271
2024-01-09,180.427760,182.529546,178.678107,180.776510,56653022
2024-01-10,180.792477,181.598350,180.126696,180.932054,46362339
2024-01-11,182.728152,182.863162,182.539113,182.674084,61414419
2024-01-12,186.394878,188.180904,184.200883,185.982963,49984635
2024-01-15,185.620138,187.089172,183.763246,185.229186,55803946
2024-01-16,183.395648,185.154241,182.150480,183.905611,62195480
2024-01-17,184.714476,186.890937,182.515384,184.691575,65062352
2024-01-18,182.067107,183.890984,180.519871,182.341417,85681070
2024-01-19,182.218736,183.192685,181.308818,182.282449,67062482
2024-01-22,184.149509,184.675167,183.455689,183.980865,46230516
2024-01-23,183.728264,185.122971,182.562535,183.955799,63348545
2024-01-24,184.565279,186.450160,183.344277,185.224795,54123836
2024-01-25,183.056724,184.084047,181.956236,182.983147,95159338
2024-01-26,180.433318,182.665111,179.416753,181.641738,58908064
2024-01-29,178.837867,179.421049,177.783538,178.365178,65222227
2024-01-30,178.249436,180.313645,175.967810,178.029472,47884482
2024-01-31,177.135826,178.924114,175.373386,177.161419,86607905
2024-02-01,175.476212,177.137261,174.108187,175.766970,93214355
2024-02-02,174.496334,176.004331,173.113079,174.620095,66593575
2024-02-05,171.883307,172.642942,170.935199,171.693997,62401285
2024-02-06,172.442469,174.801849,169.638837,171.992054,61520806
2024-02-07,171.038775,171.787181,170.133115,170.880831,109161367
2024-02-08,171.675676,173.985851,169.868237,172.173175,83531956
2024-02-09,170.335581,172.455864,167.528771,169.640402,51684462
2024-02-12,169.697528,170.466730,169.059060,169.827772,54962275
2024-02-13,168.800090,169.061700,168.032753,168.293579,72014885
2024-02-14,167.527047,168.697721,166.257397,167.427375,47937310
2024-02-15,168.543898,169.843276,166.708346,168.003558,53184187
2024-02-16,170.168926,171.495079,168.514021,169.837591,41510745
2024-02-19,170.530445,170.801665,169.927298,170.197990,54142707
2024-02-20,169.601572,170.498590,168.317332,169.212291,74713431
2024-02-21,165.918792,166.578419,165.126078,165.785174,95610571
2024-02-22,166.962832,167.870912,165.845670,166.752607,46783913
2024-02-23,172.093539,172.241978,171.023742,171.171386,38954065
2024-02-26,169.180473,170.314077,168.746321,169.878135,61975114
2024-02-27,171.955032,172.785806,171.141583,171.972275,53630207
2024-02-28,169.280021,170.782390,167.935436,169.436562,76377138
2024-02-29,170.154790,170.933909,169.249269,170.027806,39395252
2024-03-01,166.959647,168.342016,165.665712,167.047402,46044183
2024-03-04,167.589168,169.177466,166.535096,168.120055,50846348
2024-03-05,169.466780,170.206097,169.016697,169.755248,91966944
2024-03-06,176.053252,176.629752,175.095771,175.671019,102139919
2024-03-07,179.608211,180.426586,179.073288,179.890821,44307705
2024-03-08,180.545121,181.653020,179.738534,180.845094,62200487
2024-03-11,180.240184,181.493223,178.443817,179.693052,45052180
2024-03-12,183.589511,185.320148,181.660128,183.388874,82866358
2024-03-13,182.230922,183.582859,181.795796,183.145548,59347313
2024-03-14,183.146380,184.646709,181.922669,183.421163,70208334
2024-03-15,185.526673,186.117065,184.986488,185.576734,65861667
2024-03-18,184.250121,185.754387,183.288632,184.790080,59719559
2024-03-19,180.931074,182.256312,180.183721,181.506582,57848042
2024-03-20,182.211545,183.140457,181.311702,182.240471,42462999
2024-03-21,183.195287,183.779658,182.426504,183.010285,83614903
2024-03-22,183.310289,184.888022,182.457714,184.032090,64827022
2024-03-25,185.722059,188.061247,183.527857,185.865353,41345637
2024-03-26,180.548484,181.051622,179.787965,180.290384,60892224
2024-03-27,178.348752,180.518447,176.996018,179.159563,89316213
2024-03-28,177.342879,179.696250,176.028770,178.374497,116059489
2024-03-29,181.917732,182.872125,181.039843,181.993869,97534841
2024-04-01,182.184012,182.849858,180.686682,181.349478,67227055
2024-04-02,182.090352,182.576572,181.617240,182.103426,68644134
2024-04-03,182.643390,183.908943,181.464866,182.729861,81499347
2024-04-04,180.692617,181.809249,179.650929,180.767131,41411083
2024-04-05,181.839107,182.607822,181.788431,182.556945,82596738
2024-04-08,177.993056,178.503337,177.225579,177.735121,60006807
2024-04-09,178.929709,179.460758,178.459543,178.990432,60999559
2024-04-10,176.706262,177.490648,175.805608,176.589476,64883819
2024-04-11,174.053793,175.432453,172.391475,173.767870,50061529
2024-04-12,171.385426,173.206925,169.861540,171.680416,82825525
2024-04-15,168.109354,170.372264,166.182857,168.441955,80089065
2024-04-16,168.143308,169.629090,166.751690,168.236699,90675752
2024-04-17,172.255120,173.392519,171.137910,172.275179,35580842
2024-04-18,169.725488,170.854463,168.332940,169.460149,53524628
2024-04-19,174.033585,174.886693,173.504338,174.356465,74508715
2024-04-22,172.374899,172.753738,171.658860,172.036956,62278315
2024-04-23,171.211010,172.816893,169.623812,171.229524,123841304
2024-04-24,172.571386,173.731762,171.459894,172.619957,67915530
2024-04-25,176.943379,177.510636,176.318409,176.885481,72894756
2024-04-26,178.674989,178.873442,178.606991,178.805394,80008075
2024-04-29,178.388133,179.496793,177.385269,178.493339,65833698
2024-04-30,182.899469,184.697430,180.658111,182.451670,110925113
2024-05-01,178.703424,180.611869,176.978122,178.884816,67409489
2024-05-02,181.725506,182.302342,180.618679,181.193826,50218216
2024-05-03,176.435898,178.162384,175.023548,176.747540,53028955
2024-05-06,174.985951,175.934867,174.501950,175.449584,51863720
2024-05-07,172.956022,173.393891,172.809988,173.247611,67421948
2024-05-08,174.408075,176.410275,172.699526,174.698876,44718902
2024-05-09,177.636046,177.768637,177.467013,177.599577,72813586
2024-05-10,178.022249,178.989983,177.022417,177.989976,56135061
2024-05-13,177.267214,178.153708,176.853275,177.738668,57212052
2024-05-14,176.992131,177.754214,175.810389,176.570657,74347493
2024-05-15,174.024123,175.269799,173.131823,174.375695,74265950
2024-05-16,174.791075,176.171297,172.888939,174.265007,73370659
2024-05-17,171.282920,172.136832,170.056533,170.908579,39938908
2024-05-20,170.421131,173.420233,168.412801,171.400363,59256612
2024-05-21,175.374448,176.374471,174.679846,175.678664,80139369
2024-05-22,177.930441,178.500906,176.980437,177.549681,60498727
2024-05-23,177.668017,178.581178,177.035178,177.947344,60906985
2024-05-24,176.859762,178.028793,175.564941,176.733135,104082821
2024-05-27,177.856761,179.604669,176.023013,177.770068,85194674
2024-05-28,178.332721,179.785003,176.508414,177.957642,67528414
2024-05-29,180.236056,180.816601,179.138800,179.717675,61092543
2024-05-30,182.365323,185.309827,180.049453,182.986074,49027068
2024-05-31,184.022624,184.392923,183.773779,184.143914,87513580
2024-06-03,181.793739,183.646241,179.891575,181.743566,80500130
2024-06-04,178.459110,178.747216,178.434496,178.722566,71361183
2024-06-05,176.879024,179.491910,175.233138,177.837109,74313709
2024-06-06,181.314409,183.041124,180.041480,181.765031,70619510
2024-06-07,183.861906,184.940422,182.289558,183.365161,36601709
2024-06-10,185.725156,187.558339,184.016193,185.848243,104397783
2024-06-11,185.105747,186.471364,184.175129,185.538570,95304057
2024-06-12,188.481619,188.592630,188.029563,188.140373,88568568
2024-06-13,189.750791,190.622174,188.555413,189.425302,74377923
2024-06-14,184.070517,185.125521,183.350743,184.404442,30440123
2024-06-17,186.353287,187.619190,184.633249,185.896045,47158156
2024-06-18,183.539112,183.665658,183.430789,183.557325,45366929
2024-06-19,183.224702,184.567622,181.909001,183.251727,67947288
2024-06-20,184.654972,186.950143,182.857652,185.148024,58263835
2024-06-21,183.725548,184.847295,183.201729,184.321776,73188725
2024-06-24,182.879974,183.791057,181.550004,182.458989,72726849
2024-06-25,182.074746,183.870021,181.343244,183.134262,69449486
2024-06-26,186.895227,187.469484,186.175684,186.749494,61079624
2024-06-27,185.699335,186.813300,184.177378,185.288881,74258979
2024-06-28,183.025009,185.412339,180.783166,183.168734,54929683
2024-07-01,181.386247,182.883870,180.453829,181.948562,90972924
2024-07-02,182.066232,183.126871,181.429596,182.488758,82581853
2024-07-03,180.555889,182.015230,179.770563,181.226984,52530666
2024-07-04,180.086016,181.312235,179.250211,180.474627,41162458
2024-07-05,181.612822,182.024059,181.178292,181.589476,103944113
2024-07-08,180.548049,181.718481,178.781202,179.947743,34900700
2024-07-09,178.263355,180.540071,176.193824,178.468162,59856677
2024-07-10,182.708470,184.011909,181.615008,182.917197,70179927
2024-07-11,180.402890,182.156900,179.461904,181.211695,99145970
2024-07-12,178.512868,179.986128,176.969357,178.442032,48193011
2024-07-15,178.507473,179.607011,177.152970,178.250927,67961344
2024-07-16,173.419586,175.512669,172.010393,174.097963,76721300
2024-07-17,169.490242,171.160524,167.006748,168.668936,50606194
2024-07-18,167.908180,169.414985,166.101315,167.605402,41439077
2024-07-19,167.821474,168.263042,166.395639,166.834610,68674751
2024-07-22,167.566763,170.387606,164.905694,167.724040,118893609
2024-07-23,170.500557,171.849110,168.511418,169.854864,60458872
2024-07-24,173.689437,174.942850,171.965313,173.215305,55755841
2024-07-25,167.759560,169.181683,166.114222,167.534437,80690822
2024-07-26,168.973401,169.254983,168.536152,168.817474,123479221
2024-07-29,168.603989,170.190969,167.551979,169.135642,101077521
2024-07-30,166.409113,167.925162,164.398519,165.910021,73426786
2024-07-31,162.314401,163.702618,161.198521,162.584877,62460579
2024-08-01,164.224963,165.530793,162.338781,163.639959,42128029
2024-08-02,165.883941,166.999092,165.359883,166.473172,61324491
2024-08-05,169.124652,170.073345,168.153317,169.101883,41354942
2024-08-06,172.331315,172.948866,171.685259,172.302708,91547574
2024-08-07,170.915382,172.701062,169.754299,171.535764,47957969
2024-08-08,174.188293,176.274655,171.883534,173.967248,92462143
2024-08-09,173.800905,175.981682,170.857278,173.028362,67955201
2024-08-12,174.165175,174.984098,172.898545,173.715354,69612868
2024-08-13,176.381244,177.950012,174.405112,175.970224,83487260
2024-08-14,173.749398,176.153615,171.480776,173.883245,56930504
2024-08-15,170.114972,171.212983,169.332766,170.429332,49713543
2024-08-16,171.571188,173.164826,170.233816,171.825471,61598171
2024-08-19,176.616457,178.349134,175.065891,176.796983,129262845
2024-08-20,175.772074,176.929093,174.298183,175.453102,52765134
2024-08-21,178.638549,179.467179,177.235594,178.061547,84886540
2024-08-22,179.350378,180.525831,178.516847,179.690718,108475239
2024-08-23,183.153985,184.261989,182.457272,183.563717,68111059
2024-08-26,182.704640,182.765908,182.637359,182.698625,43942070
2024-08-27,185.297707,186.194792,184.003604,184.898758,54254827
2024-08-28,187.794184,189.458161,186.475177,188.136749,64415348
2024-08-29,183.855567,185.254842,182.449527,183.848750,33333428
2024-08-30,184.355741,185.601317,182.539219,183.780911,106373271
2024-09-02,183.161053,184.686851,182.570395,184.093188,52768037
2024-09-03,183.307492,184.664597,182.177143,183.532858,100172032
2024-09-04,182.370424,184.201242,181.194010,183.020633,33676559
2024-09-05,180.125555,181.232244,179.402066,180.507221,92362014
2024-09-06,181.844004,183.158640,179.766838,181.075921,52375266
2024-09-09,184.983587,186.159372,184.029501,185.204148,34902956
2024-09-10,185.242074,186.194965,184.427926,185.380210,78032914
2024-09-11,187.378825,189.205954,185.350367,187.175514,80465978
2024-09-12,189.352323,190.069957,187.555138,188.268664,66052216
2024-09-13,190.423581,191.549874,189.390626,190.516415,50950701
2024-09-16,187.759686,190.545401,185.804128,188.581285,55545134
2024-09-17,185.685473,186.591522,184.990648,185.895909,88360434
2024-09-18,188.218674,188.988373,187.510096,188.279565,97085945
2024-09-19,190.508446,191.258711,189.425741,190.174692,57433719
2024-09-20,190.563685,191.299341,190.263983,190.998954,80109083
2024-09-23,192.588180,193.926142,191.322193,192.659685,84886717
2024-09-24,191.619275,192.723697,190.419232,191.523100,69734499
2024-09-25,191.752937,193.974505,189.085720,191.302066,55582479
2024-09-26,192.112413,193.470303,189.749244,191.099977,64126519
2024-09-27,186.129688,188.833720,183.862988,186.561758,112594636
2024-09-30,185.295101,185.482312,184.979673,185.166755,61043816
2024-10-01,186.378502,187.630055,185.388315,186.638486,89844346
2024-10-02,184.367245,185.308536,183.853260,184.793363,70198470
2024-10-03,183.768317,184.789029,182.470753,183.489919,99551215
2024-10-04,178.384419,179.165689,178.195828,178.976472,48784597
2024-10-07,174.822154,175.506576,173.852599,174.535900,42620522
2024-10-08,174.364886,175.488647,173.452617,174.575278,133762944
2024-10-09,170.004062,172.091165,168.287876,170.371271,68693142
2024-10-10,173.443667,174.954279,171.868159,173.378201,64260127
2024-10-11,174.420875,176.128951,172.601584,174.308561,48597502
2024-10-14,172.878985,173.663100,172.040007,172.823873,51867547
2024-10-15,168.839793,169.400933,168.396338,168.957170,64973813
2024-10-16,168.621119,169.491882,167.778213,168.648837,58593289
2024-10-17,171.141822,173.102181,170.327905,172.282837,102243523
2024-10-18,173.553405,175.847208,171.619009,173.908850,75724845
2024-10-21,171.911928,172.857736,171.379845,172.324376,53061126
2024-10-22,170.312668,172.624539,168.975281,171.279559,71761552
2024-10-23,168.011897,169.050204,167.738145,168.775208,51343902
2024-10-24,164.792255,165.308756,163.802196,164.317208,63321636
2024-10-25,161.676784,163.011550,160.772972,162.105342,80742993
2024-10-28,165.231406,166.052587,164.466673,165.287593,113925138
2024-10-29,167.026242,167.719857,165.975846,166.667973,64975036
2024-10-30,167.695562,168.472795,167.492716,168.269255,64468943
2024-10-31,169.780979,170.074825,169.579098,169.872835,72842662
2024-11-01,170.164027,171.122738,168.876352,169.833199,64279994
2024-11-04,174.334321,176.019919,172.941453,174.624730,69066043
2024-11-05,172.817847,174.644229,170.771191,172.595221,96256555
2024-11-06,171.585647,172.500586,170.699183,171.613976,90973592
2024-11-07,170.565525,171.237335,169.669510,170.340434,60777731
2024-11-08,173.518919,174.653254,172.102441,173.234919,87510283
2024-11-11,171.631811,173.263689,170.450376,172.079175,63986201
2024-11-12,172.695928,173.363328,172.040148,172.707504,61361513
2024-11-13,174.387609,175.572528,172.948303,174.131481,105989517
2024-11-14,178.507115,179.627765,177.132646,178.251693,64627512
2024-11-15,175.710452,177.106456,174.588430,175.982695,54717808
2024-11-18,178.573644,179.544808,177.596256,178.567386,86371957
2024-11-19,177.772781,179.704421,175.956426,177.886901,100967384
2024-11-20,178.136125,179.879963,176.653744,178.395425,46971931
2024-11-21,178.584099,180.263969,177.088265,178.766606,69067946
2024-11-22,179.270205,180.704488,176.999148,178.426682,59122903
2024-11-25,176.470860,178.364761,175.125227,177.014979,115974552
2024-11-26,180.276108,182.645428,178.937961,181.299682,55790773
2024-11-27,182.489728,184.478088,179.979103,181.961710,64016978
2024-11-28,184.080167,185.194242,183.388219,184.500713,69722784
2024-11-29,188.752400,189.349953,187.868584,188.465228,46030043
2024-12-02,188.317004,189.662483,186.530191,187.872494,59319361
2024-12-03,188.419014,190.074263,186.785387,188.440451,54362061
2024-12-04,186.758807,187.551692,185.112633,185.901879,48422013
2024-12-05,185.156929,188.714348,182.223389,185.771078,47148477
2024-12-06,187.616986,188.885237,186.119324,187.386014,80720617
2024-12-09,188.163303,189.682408,186.631830,188.150835,61247313
2024-12-10,194.886469,195.956288,193.396915,194.464417,80600140
2024-12-11,196.131918,196.344833,196.087071,196.299948,71991582
2024-12-12,196.133311,197.699996,194.336162,195.900991,81104167
2024-12-13,197.497684,198.777045,195.950554,197.228170,42069226
2024-12-16,191.042882,192.265191,190.378669,191.599045,67379860
2024-12-17,188.104514,189.479030,187.213885,188.586122,90158174
2024-12-18,187.546008,188.115837,186.851636,187.421086,44562379
2024-12-19,187.734241,189.592199,185.508734,187.363019,58438877
2024-12-20,185.109473,185.524824,184.139780,184.553884,47041848
2024-12-23,184.301400,185.823711,182.275987,183.794108,73338566
2024-12-24,185.380298,186.670304,183.973569,185.262757,60446495
2024-12-25,183.067996,185.032199,181.659995,183.619952,84537731
2024-12-26,188.499897,189.633284,186.606745,187.735537,59115924
2024-12-27,187.658633,189.162463,186.506763,188.008446,87175085
2024-12-30,188.950938,189.373708,188.298254,188.720508,58845910
2024-12-31,190.582197,192.512526,189.026317,190.953613,51856585
2025-01-01,189.069742,190.678204,187.927508,189.533170,51703363
2025-01-02,188.685151,189.050218,188.131276,188.495977,68326103
2025-01-03,187.720845,188.962013,187.200051,188.439226,53717015
2025-01-06,193.440846,194.758777,191.954051,193.270823,49029601
2025-01-07,188.996509,190.474389,188.232834,189.707840,71654773
2025-01-08,190.083809,190.283214,189.842494,190.041855,93028451
2025-01-09,186.161839,187.566184,185.721513,187.123583,73927672
2025-01-10,189.840596,191.161148,189.354064,190.672484,50337410
2025-01-13,191.120997,192.098951,189.909417,190.886170,90117431
2025-01-14,189.120555,191.664441,187.476104,190.012237,62678601
2025-01-15,189.235377,190.655043,188.092873,189.510876,41331030
2025-01-16,187.618648,188.896655,186.318705,187.596562,48550293
2025-01-17,186.816276,187.261617,185.698265,186.141999,54412956
2025-01-20,185.259340,186.961628,183.411773,185.112713,48612609
2025-01-21,183.269228,184.111274,182.284175,183.125560,68887792
2025-01-22,186.410260,187.517219,185.301796,186.408746,47052342
2025-01-23,185.182718,186.699406,183.817510,185.333089,41451233
2025-01-24,184.704310,185.785007,183.494569,184.574506,104793935
2025-01-27,187.642633,189.113211,186.651838,188.119896,92162585
2025-01-28,185.868356,186.409210,184.539113,185.077666,65133112
2025-01-29,182.002754,182.684397,181.881650,182.562921,57790130
2025-01-30,182.457676,183.430099,181.963868,182.934999,49868257
2025-01-31,180.994568,182.529067,180.059855,181.591273,61426576
2025-02-03,180.937523,182.933396,179.285325,181.278088,54644550
2025-02-04,185.060804,185.974456,184.185986,185.099456,74019500
2025-02-05,186.075086,187.099678,184.801571,185.824786,62159992
2025-02-06,189.316017,191.071908,188.239464,189.991515,75174916
2025-02-07,191.364649,193.544749,189.482388,191.659587,63293989
2025-02-10,190.310193,192.812543,188.504066,190.999871,47541607
2025-02-11,190.548759,191.675114,189.712226,190.837314,43096556
2025-02-12,190.938532,192.935438,189.328459,191.322129,86329179
2025-02-13,190.713150,192.180031,189.596588,191.061430,94486599
2025-02-14,189.641440,190.799655,188.759882,189.916818,77739895
2025-02-17,188.471038,190.161792,187.330783,189.018227,80984360
2025-02-18,192.148686,194.436286,190.394698,192.677471,72912995
2025-02-19,193.876069,194.478009,193.439137,194.040706,67203934
2025-02-20,196.105539,198.558458,192.990532,195.435065,74804596
2025-02-21,200.934958,203.184195,199.175929,201.420912,61072115
2025-02-24,198.321760,198.812314,196.874324,197.362505,38134076
2025-02-25,197.885965,198.721110,195.950441,196.780923,105676546
2025-02-26,194.236206,194.874707,193.746635,194.384761,103771716
2025-02-27,193.965884,195.316496,192.330426,193.679040,101973133
2025-02-28,193.805503,195.189300,192.604743,193.987413,80198594
2025-03-03,195.468849,196.377311,194.598332,195.506626,86624273
2025-03-04,198.386328,199.371196,197.237180,198.221229,47166676
2025-03-05,201.439540,202.331793,199.412902,200.300108,74585288
2025-03-06,203.461634,205.484669,200.989782,203.008310,69316799
2025-03-07,205.546013,206.502057,203.860654,204.813291,121372209
2025-03-10,206.525043,206.572758,206.409019,206.456718,93256230
2025-03-11,205.480684,205.866642,204.618614,205.003676,93740406
2025-03-12,200.550314,203.976137,198.158096,201.571735,52459212
2025-03-13,202.840979,203.914896,201.787473,202.861284,89093580
2025-03-14,208.027692,209.066822,207.056342,208.095156,96108321
2025-03-17,208.884271,210.329273,207.755299,209.198602,56566944
2025-03-18,207.160804,208.782694,205.641734,207.262876,70227140
2025-03-19,206.466306,207.374506,205.764569,206.672069,46116341
2025-03-20,206.849445,208.275370,205.152052,206.576093,105528300
2025-03-21,206.040696,207.277844,204.586196,205.822032,52176668
2025-03-24,199.362833,201.060146,197.435657,199.130996,92143871
2025-03-25,197.872946,199.081912,196.733267,197.941836,51204755
2025-03-26,202.348027,204.145720,200.583538,202.380944,116016448
2025-03-27,204.639451,205.244534,203.526127,204.129703,47380716
2025-03-28,202.321031,203.905940,200.678120,202.262571,56557180
2025-03-31,202.411089,202.618963,202.128655,202.336453,49936660
2025-04-01,199.415632,200.212625,198.621610,199.418591,53289144
2025-04-02,194.303566,196.457663,192.817006,194.966034,62884681
2025-04-03,190.382309,191.546512,189.439941,190.603051,88763424
2025-04-04,190.600577,193.023704,188.685983,191.104053,97138704
2025-04-07,193.400351,195.417877,190.970503,192.983683,63446340
2025-04-08,192.557776,192.764058,192.259999,192.466182,73078048
2025-04-09,191.934506,192.462880,191.164560,191.692268,67167859
2025-04-10,190.302642,191.089269,189.792327,190.578215,44360210
2025-04-11,188.665755,189.864177,187.462730,188.661123,88522114
2025-04-14,191.216017,193.389716,188.509471,190.677042,90449895
2025-04-15,196.731094,198.167736,195.400951,196.836877,37787518
2025-04-16,200.499656,201.744982,199.496750,200.740869,76292774
2025-04-17,201.634892,202.085939,201.476340,201.927157,135592276
2025-04-18,198.909026,199.823878,197.890817,198.805191,76604411
2025-04-21,199.469152,200.639592,198.016295,199.185068,58920156
2025-04-22,197.408510,198.471285,196.591522,197.653284,113493773
2025-04-23,198.876355,200.205241,197.942688,199.269727,103047840
2025-04-24,198.426712,200.458426,195.448700,197.470625,130236717
2025-04-25,200.291994,201.851562,198.290383,199.846483,90327080
2025-04-28,202.782507,204.308545,201.471451,202.996109,59126348
2025-04-29,206.364598,208.492020,203.901765,206.025693,46148128
2025-04-30,209.336883,210.277673,207.600145,208.537341,63277836
2025-05-01,203.907916,205.631635,202.255354,203.978502,84461585
2025-05-02,203.597583,204.742273,202.633609,203.777447,56525893
2025-05-05,202.230955,202.918708,201.218871,201.905516,52770528
2025-05-06,198.703254,200.047503,197.905391,199.247455,54005833
2025-05-07,198.375720,198.833751,198.264420,198.722256,52648835
2025-05-08,203.835381,205.254020,202.732170,204.149112,50505795
2025-05-09,205.070946,206.200211,203.619447,204.746927,80249396
2025-05-12,203.273649,205.936294,199.701368,202.351940,115683820
2025-05-13,210.277769,212.366087,207.494365,209.575711,47660413
2025-05-14,210.585591,211.470715,209.503582,210.387875,46486429
2025-05-15,210.812499,211.176775,210.801002,211.165259,52986573
2025-05-16,213.708599,215.214022,212.129522,213.634423,112457816
2025-05-19,211.953352,213.132979,211.272199,212.450228,82753451
2025-05-20,209.560434,211.487829,207.936541,209.861602,46926990
2025-05-21,210.160705,211.270730,209.375558,210.484373,96546081
2025-05-22,212.369378,214.774248,210.345041,212.746318,84772662
2025-05-23,217.185829,218.339884,216.512007,217.664576,46174495
2025-05-26,218.773911,221.359819,216.174604,218.760351,67559476
2025-05-27,220.873193,222.062878,219.752762,220.942097,73677093
2025-05-28,225.597031,226.258404,225.159076,225.820015,57522763
2025-05-29,228.060707,229.350322,226.703564,227.992795,85864328
2025-05-30,227.237209,227.688097,226.429520,226.879698,56807533
2025-06-02,229.452617,231.300001,228.416961,230.260698,55534102
2025-06-03,228.044997,229.703484,225.962188,227.617566,67036139
2025-06-04,228.476471,230.397641,226.164169,228.082022,75962545
2025-06-05,230.564235,232.015704,229.119270,230.570698,43874979
2025-06-06,231.372941,233.948200,228.324375,230.894306,93703115
2025-06-09,231.733567,233.389903,229.157097,230.806808,73476945
2025-06-10,231.521127,234.683641,229.395868,232.548948,54850845
2025-06-11,231.684418,234.578207,229.025404,231.916529,67417054
2025-06-12,239.528810,240.049160,238.378436,238.897414,119130394
2025-06-13,241.313572,244.320672,239.452034,242.450364,55598927
2025-06-16,241.004086,243.217362,238.625391,240.837135,62714426
2025-06-17,240.327129,242.425879,238.744779,240.840152,71903857
2025-06-18,239.564887,241.445712,238.223028,240.100850,75124493
2025-06-19,246.120070,248.109585,243.841024,245.828179,71415021
2025-06-20,242.948893,244.551697,241.426140,243.028446,52854561
2025-06-23,243.001859,244.451215,241.502571,242.951627,51060873
2025-06-24,242.929438,244.937719,240.089951,242.091303,41337785
2025-06-25,244.232323,246.021393,242.334480,244.122748,64542366
2025-06-26,238.615873,240.228774,237.282474,238.893822,54730382
2025-06-27,241.992445,244.236783,240.429772,242.669736,63666455
2025-06-30,239.567962,243.406248,237.123925,240.948131,52340980
2025-07-01,236.628942,238.300914,234.980347,236.652157,73902361
2025-07-02,232.881688,234.146387,231.815185,233.078981,99511755
2025-07-03,234.083422,235.937932,231.958930,233.811285,46626145
2025-07-04,235.316171,237.865021,233.455914,235.999364,70839050
2025-07-07,240.816093,242.637555,238.207188,240.022649,69493614
2025-07-08,237.687283,239.382666,235.493208,237.185008,90395940
2025-07-09,235.581742,237.365873,233.344122,235.124793,99630791
2025-07-10,240.169486,241.162117,239.346325,240.338377,85471328
2025-07-11,241.734630,243.900590,239.997954,242.160853,95257211
2025-07-14,242.370108,243.953617,241.302709,242.883954,45698998
2025-07-15,246.010319,247.557201,244.489046,246.035772,53925558
2025-07-16,242.513317,243.972640,241.057420,242.516723,46608321
2025-07-17,242.645298,247.190183,239.157165,243.687074,87887842
2025-07-18,243.260143,246.156284,240.837942,243.729410,74636259
2025-07-21,243.980028,245.787230,242.577422,244.382311,48540357
2025-07-22,249.968837,250.502161,248.472399,249.003664,136951897
2025-07-23,248.717929,251.821984,246.279669,249.377261,99824519
2025-07-24,253.119900,256.230576,249.782067,252.889917,83984550
2025-07-25,253.609964,254.207567,252.111105,252.706580,57398495
2025-07-28,253.819241,256.774412,250.898994,253.853768,85569444
2025-07-29,257.481521,259.456515,256.640276,258.611578,60018787
2025-07-30,266.702636,268.362997,265.222185,266.881553,87962114
2025-07-31,259.024353,259.772273,258.737011,259.484421,82012513
2025-08-01,260.755746,261.980385,260.379092,261.602507,78183081
2025-08-04,268.576317,268.841267,268.424565,268.689451,75880947
2025-08-05,263.521569,265.379089,262.171254,264.026188,60415710
2025-08-06,261.336356,263.858478,259.270690,261.789233,50331477
2025-08-07,261.272170,262.857147,259.507791,261.091672,72446722
2025-08-08,261.540391,264.141357,258.138571,260.731493,77078217
2025-08-11,259.755379,262.047320,257.791592,260.081071,59433363
2025-08-12,257.773972,258.791186,257.161459,258.177714,99095708
2025-08-13,253.216539,254.966024,251.723018,253.471002,75613761
2025-08-14,251.704372,254.601267,248.551968,251.445888,68643425
2025-08-15,252.683399,255.363718,250.479579,253.155778,56954449
2025-08-18,255.174215,257.717034,251.409533,253.940054,75475334
2025-08-19,256.564100,258.337910,255.278651,257.050026,48156467
2025-08-20,254.695942,254.767690,254.636539,254.708283,55695598
2025-08-21,253.373914,254.809617,251.714184,253.148611,41395793
2025-08-22,255.816093,256.155749,254.481553,254.819886,48181586
2025-08-25,252.927816,253.336148,251.936023,252.343410,90198941
2025-08-26,250.870397,252.534171,249.774035,251.435340,70419909
2025-08-27,252.519934,254.108148,251.087069,252.674407,73242850
2025-08-28,246.771819,247.723679,246.325878,247.276827,58673908
2025-08-29,241.215173,244.229944,239.767850,242.773272,52932251
2025-09-01,243.814790,245.565735,242.044536,243.795341,89140667
2025-09-02,240.208007,241.356827,238.826679,239.974382,97374684
2025-09-03,242.817933,245.172085,240.240205,242.592169,64800137
2025-09-04,243.242269,245.303210,241.618891,243.676931,56712387
2025-09-05,244.841527,247.162992,242.160733,244.478759,60135865
2025-09-08,240.953759,243.539238,238.899659,241.480645,92686450
2025-09-09,245.175436,246.613817,242.530677,243.961939,43715354
2025-09-10,246.996979,248.193918,244.059892,245.248357,63835691
2025-09-11,244.727722,246.671321,242.806837,244.750259,43451069
2025-09-12,249.310562,250.205338,247.625592,248.517522,43192094
2025-09-15,252.345456,254.566290,250.453868,252.672253,55374312
2025-09-16,252.538769,253.397930,252.125316,252.983749,109109133
2025-09-17,250.536888,251.938161,249.487079,250.886886,63810504
2025-09-18,251.771208,254.524363,248.938142,251.690413,57117263
2025-09-19,252.025598,254.740416,248.322109,251.026160,60023415
2025-09-22,250.356161,253.753326,246.416001,249.805695,58945205
2025-09-23,242.875932,244.167059,241.715154,243.005661,54072980
2025-09-24,241.153590,242.867525,239.368379,241.081804,78040337
2025-09-25,238.387780,240.329142,235.931286,237.868419,48157026
2025-09-26,236.272325,238.043414,234.518410,236.289373,71805703
2025-09-29,241.706336,242.813104,240.323643,241.429142,63412249
2025-09-30,245.397330,248.266207,243.677525,246.538405,56724573
2025-10-01,251.229827,251.281076,251.210763,251.262010,58154234
2025-10-02,247.175131,249.068107,244.816904,246.706290,54353653
2025-10-03,248.471034,249.143296,246.860341,247.530057,76017840
2025-10-06,249.443844,251.691198,247.679376,249.923339,45543020
2025-10-07,249.153172,251.451932,247.531946,249.826326,61034869
2025-10-08,245.386501,246.888707,243.650072,245.150835,88535511
2025-10-09,251.960504,254.846297,249.427256,252.309540,91459642
2025-10-10,249.042941,250.478090,247.228037,248.660985,73724945
2025-10-13,246.021305,249.224658,243.280598,246.478853,53486687
2025-10-14,244.672930,246.462323,243.698897,245.485056,100657581
2025-10-15,246.895945,249.505161,244.336507,246.945212,71381922
2025-10-16,252.485352,255.339957,250.018747,252.869598,76323109
2025-10-17,249.586029,251.335663,248.298671,250.045933,64038170
2025-10-20,253.046530,255.126479,251.449215,253.526137,64375545
2025-10-21,254.432643,257.666268,251.716983,254.945138,67433042
2025-10-22,250.355746,253.128426,248.598203,251.363806,51665344
2025-10-23,255.400804,256.746065,254.052556,255.397801,43648076
2025-10-24,252.136779,253.080212,251.241374,252.184638,64275298
2025-10-27,250.547852,251.109925,249.683683,250.245077,59416125
2025-10-28,249.116312,250.000923,247.857027,248.740303,89497302
2025-10-29,243.272659,246.474951,241.454156,244.646180,70605139
2025-10-30,243.128688,244.953901,240.955320,242.777901,68019245
2025-10-31,240.334604,242.158570,237.892281,239.711518,84022145
2025-11-03,236.820630,239.780366,235.152380,238.103082,87190861
2025-11-04,239.145616,241.586334,235.600335,238.029664,39788303
2025-11-05,235.197938,237.677644,233.198150,235.673810,51494115
2025-11-06,236.337692,239.023129,233.110702,235.789915,59837250
2025-11-07,233.568164,234.822359,231.987833,233.240267,54414013
2025-11-10,233.041690,233.883025,231.433712,232.272269,64244372
2025-11-11,231.107826,232.315930,229.556332,230.762631,91846749
2025-11-12,234.464617,234.508822,234.139236,234.183388,47438571
2025-11-13,235.096298,237.594119,233.167516,235.660707,60743082
2025-11-14,237.664789,238.987694,235.446291,236.764183,42443705
2025-11-17,232.007790,232.873367,230.476319,231.339402,90258378
2025-11-18,232.564802,234.505645,230.350822,232.289367,69012679
2025-11-19,232.118178,233.540299,230.302805,231.722501,62962127
2025-11-20,231.406909,234.356408,229.412840,232.354176,63815965
2025-11-21,233.442200,234.966063,231.486740,233.007767,72857794
2025-11-24,234.977321,235.793423,233.521015,234.334885,53619228
2025-11-25,234.472094,236.452157,233.276822,235.252905,67163599
2025-11-26,235.380098,237.242765,233.528646,235.391226,82402534
2025-11-27,233.121146,234.880261,231.446448,233.204960,72482638
2025-11-28,233.304107,233.350713,232.860350,232.906877,52363580
2025-12-01,230.516524,231.863824,228.337823,229.680235,50985567
2025-12-02,228.319979,231.957544,225.347829,228.976843,68364303
2025-12-03,238.273951,240.684104,235.698317,238.106780,75278743
2025-12-04,235.764547,236.546883,234.794149,235.575859,87948507
2025-12-05,235.043164,236.356927,233.799484,235.112879,75146281
2025-12-08,233.242288,236.231506,230.301245,233.289863,64112303
2025-12-09,234.676489,236.197947,232.361034,233.877311,44962033
2025-12-10,235.003225,235.605718,234.891913,235.494173,59284469
2025-12-11,235.698842,236.842721,234.738983,235.882116,65223890
